Disease,Diet
Fungal infection,"Include probiotics (yogurt, kefir), garlic, ginger, and coconut oil; limit sugar and refined carbohydrates; stay well-hydrated."
Allergy,"Follow an elimination diet avoiding known triggers; eat anti-inflammatory foods like fatty fish, fruits, vegetables, and drink plenty of water."
GERD,"Have small, frequent meals of low-fat, non-acidic foods (oatmeal, bananas, lean proteins); avoid spicy, citrus, and tomato-based dishes; stay upright after eating."
Chronic cholestasis,"Eat a low-fat diet with medium-chain triglycerides (coconut oil), high-fiber whole grains, lean proteins, and stay hydrated; include fat-soluble vitamin supplements."
Drug Reaction,"Stick to bland, easy-to-digest foods (bananas, rice, applesauce, toast), lean proteins, and plenty of fluids; avoid alcohol, caffeine, and spicy dishes."
Peptic ulcer disease,"Consume small, frequent meals of bland foods like oatmeal, bananas, mashed potatoes, and yogurt; avoid spicy foods, caffeine, alcohol, and acidic items."
AIDS,"Follow a high-protein, high-calorie diet with lean meats, legumes, dairy, fruits, and vegetables; include multivitamins; avoid raw or undercooked foods."
Diabetes,"Focus on whole grains, vegetables, legumes, and lean proteins; limit simple sugars and processed foods; monitor portions and have meals at regular intervals."
Gastroenteritis,"Start with the BRAT diet (bananas, rice, applesauce, toast), sip clear fluids or oral rehydration solutions; gradually add bland, easy-to-digest foods."
Bronchial Asthma,"Include anti-inflammatory foods (fatty fish, berries, leafy greens), maintain balanced meals, and stay hydrated; limit dairy if mucus worsens symptoms."
Hypertension,"Adopt the DASH approach with fruits, vegetables, whole grains, low-fat dairy, lean proteins; reduce sodium, processed foods, and saturated fats."
Migraine,"Eat consistent, balanced meals with whole grains, lean proteins, and fresh produce; avoid trigger foods (aged cheese, chocolate, processed meats) and stay hydrated."
Cervical spondylosis,"Maintain a balanced diet rich in calcium (dairy, leafy greens), vitamin D, lean proteins, and anti-inflammatory foods like berries and nuts."
Paralysis (brain hemorrhage),"Use a heart-healthy, nutrient-dense diet of fruits, vegetables, whole grains, and lean proteins; ensure adequate calories for recovery; limit sodium and fats."
Jaundice,"Follow a light, low-fat diet with boiled vegetables, fresh fruits, and whole grains; drink plenty of water and avoid alcohol, fatty, and processed foods."
Malaria,"Eat nutrient-rich, high-calorie foods like lean meats, whole grains, fruits, and vegetables; drink plenty of fluids and include iron-rich greens to counter anemia."
Chicken pox,"Stick to soft, bland foods (yogurt, smoothies, boiled vegetables); stay hydrated; avoid acidic and spicy items to reduce throat discomfort."
Dengue,"Maintain hydration with oral rehydration solutions and coconut water; eat protein-rich soups, fresh fruits, and vegetables; include iron-rich foods."
Typhoid,"Have a bland, low-fiber diet of well-cooked rice, mashed potatoes, yogurt, and clear soups; avoid spicy or fried foods and sip fluids frequently."
hepatitis A,"Consume small, balanced meals with lean proteins, fruits, vegetables, and complex carbs; avoid alcohol, fatty foods, and unnecessary medications; stay hydrated."
Hepatitis B,"Eat protein-rich foods (lean meat, legumes), complex carbohydrates, and vegetables in small, frequent meals; limit fats, alcohol, and raw shellfish."
Hepatitis C,"Follow a nutrient-rich diet with lean proteins, whole grains, fruits, and vegetables; avoid alcohol, saturated fats, and stay well-hydrated."
Hepatitis D,"Similar to hepatitis B: small, protein-rich meals, plenty of fruits and vegetables, avoid alcohol and high-fat foods."
Hepatitis E,"Maintain hydration and eat lean proteins, fruits, vegetables, and whole grains; avoid alcohol and hepatotoxic substances."
Alcoholic hepatitis,"Adopt a liver-friendly diet: high in antioxidants (berries, leafy greens), lean proteins, whole grains; avoid alcohol, fried, and fatty foods."
Tuberculosis,"Follow a high-calorie, high-protein diet of lean meats, legumes, nuts, dairy, fruits, and vegetables to support immunity and maintain weight."
Common Cold,"Stay hydrated, consume warm broths, herbal teas, citrus fruits for vitamin C, honey, and ginger; eat light, easy-to-digest meals."
Pneumonia,"Eat nutrient-dense, high-calorie foods like soups, stews, fruits, and vegetables; maintain hydration with water and warm fluids."
Dimorphic hemmorhoids(piles),"Include high-fiber foods (whole grains, fruits, vegetables), drink plenty of water to soften stools; avoid spicy and processed foods."
Heart attack,"Adopt a heart-healthy diet: fruits, vegetables, whole grains, lean proteins; limit saturated/trans fats, cholesterol, and sodium."
Varicose veins,"Eat a high-fiber diet with fruits, vegetables, and whole grains to prevent constipation; include flavonoid-rich foods like berries and citrus."
Hypothyroidism,"Include iodine-rich foods (seaweed, dairy), selenium sources (Brazil nuts), lean proteins, and whole grains; limit raw cruciferous vegetables."
Hyperthyroidism,Ensure adequate calories with nutrient-dense foods; include calcium-rich items and moderate iodine intake; focus on balanced meals.
Hypoglycemia,"Have frequent small meals combining complex carbs, protein (nuts, yogurt), and healthy fats; keep quick glucose sources (fruit, juice) nearby."
Osteoarthristis,"Follow an anti-inflammatory diet with omega-3 fatty acids (fish, flaxseeds), fruits, vegetables, and whole grains; avoid processed foods."
Arthritis,"Include anti-inflammatory foods like fatty fish, nuts, berries, leafy greens; maintain balanced meals and stay hydrated."
(vertigo) Paroymsal Positional Vertigo,Maintain hydration; eat balanced meals; limit high-sodium foods; try ginger tea to help with nausea.
Acne,"Focus on low-glycemic foods (whole grains, vegetables), lean proteins, and plenty of water; limit dairy and sugary snacks."
Urinary tract infection,"Drink plenty of water and cranberry juice; include probiotics (yogurt); avoid caffeine, alcohol, and spicy foods to reduce irritation."
Psoriasis,"Adopt an anti-inflammatory diet: fruits, vegetables, omega-3 rich fish; avoid processed foods, red meat, and gluten if sensitive."
Impetigo,"Eat a balanced diet with lean proteins, fruits, and vegetables to support skin healing; stay hydrated and include vitamin C sources."
